<?xml version="1.0" encoding="UTF-8"?>
<config xmlns="http://www.knime.org/2008/09/XMLConfig" xmlns:xsi="http://www.w3.org/2001/XMLSchema-instance" xsi:schemaLocation="http://www.knime.org/2008/09/XMLConfig http://www.knime.org/XMLConfig_2008_09.xsd" key="MiningSchema">
    <config key="learning">
        <entry key="array-size" type="xint" value="8"/>
        <entry key="0" type="xstring" value="team"/>
        <entry key="1" type="xstring" value="targeted_productivity"/>
        <entry key="2" type="xstring" value="smv"/>
        <entry key="3" type="xstring" value="wip"/>
        <entry key="4" type="xstring" value="incentive"/>
        <entry key="5" type="xstring" value="no_of_style_change"/>
        <entry key="6" type="xstring" value="no_of_workers"/>
        <entry key="7" type="xstring" value="Day of week (name)"/>
    </config>
    <config key="target">
        <entry key="array-size" type="xint" value="1"/>
        <entry key="0" type="xstring" value="actual_productivity"/>
    </config>
</config>
