<?xml version="1.0" encoding="UTF-8"?>
<config xmlns="http://www.knime.org/2008/09/XMLConfig" xmlns:xsi="http://www.w3.org/2001/XMLSchema-instance" xsi:schemaLocation="http://www.knime.org/2008/09/XMLConfig http://www.knime.org/XMLConfig_2008_09.xsd" key="model.xml">
    <entry key="version" type="xint" value="1"/>
    <entry key="class_name" type="xstring" value="org.knime.base.data.normalize.NormalizerPortObject"/>
    <config key="model">
        <config key="columns">
            <config key="team">
                <entry key="column_name" type="xstring" value="team"/>
                <entry key="column_scale" type="xdouble" value="0.01"/>
                <entry key="column_translate" type="xdouble" value="0.0"/>
                <entry key="column_min" type="xdouble" value="-1.0"/>
                <entry key="column_max" type="xdouble" value="1.0"/>
            </config>
            <config key="targeted_productivity">
                <entry key="column_name" type="xstring" value="targeted_productivity"/>
                <entry key="column_scale" type="xdouble" value="1.0"/>
                <entry key="column_translate" type="xdouble" value="0.0"/>
                <entry key="column_min" type="xdouble" value="-1.0"/>
                <entry key="column_max" type="xdouble" value="1.0"/>
            </config>
            <config key="smv">
                <entry key="column_name" type="xstring" value="smv"/>
                <entry key="column_scale" type="xdouble" value="0.01"/>
                <entry key="column_translate" type="xdouble" value="0.0"/>
                <entry key="column_min" type="xdouble" value="-1.0"/>
                <entry key="column_max" type="xdouble" value="1.0"/>
            </config>
            <config key="wip">
                <entry key="column_name" type="xstring" value="wip"/>
                <entry key="column_scale" type="xdouble" value="1.0E-5"/>
                <entry key="column_translate" type="xdouble" value="0.0"/>
                <entry key="column_min" type="xdouble" value="-1.0"/>
                <entry key="column_max" type="xdouble" value="1.0"/>
            </config>
            <config key="incentive">
                <entry key="column_name" type="xstring" value="incentive"/>
                <entry key="column_scale" type="xdouble" value="1.0E-4"/>
                <entry key="column_translate" type="xdouble" value="0.0"/>
                <entry key="column_min" type="xdouble" value="-1.0"/>
                <entry key="column_max" type="xdouble" value="1.0"/>
            </config>
            <config key="no_of_style_change">
                <entry key="column_name" type="xstring" value="no_of_style_change"/>
                <entry key="column_scale" type="xdouble" value="0.1"/>
                <entry key="column_translate" type="xdouble" value="0.0"/>
                <entry key="column_min" type="xdouble" value="-1.0"/>
                <entry key="column_max" type="xdouble" value="1.0"/>
            </config>
            <config key="no_of_workers">
                <entry key="column_name" type="xstring" value="no_of_workers"/>
                <entry key="column_scale" type="xdouble" value="0.01"/>
                <entry key="column_translate" type="xdouble" value="0.0"/>
                <entry key="column_min" type="xdouble" value="-1.0"/>
                <entry key="column_max" type="xdouble" value="1.0"/>
            </config>
        </config>
        <entry key="summary" type="xstring" value="Decimal Scaling normalization on 7 column(s)"/>
    </config>
</config>
